1,Cheryl Engstrom,2.28,Irene Quinlan,10,Sociology,38,Wilkinson College of Arts Humanities and Social Sciences,6
2,Barbara Patterson,3.53,Roberto Coronel,1,Psychology,7,Crean College of Health and Behavioral Sciences,3
3,Alene Steward,3.61,Roberto Coronel,1,Sociology,38,Wilkinson College of Arts Humanities and Social Sciences,6
4,Heather Wainwright,2.83,Heather Garcia,7,Mathematics,23,Schmid College of Science and Technology,5
5,Michael Griffith,3.14,Dina Bartoloni Mai,3,Art History,26,Wilkinson College of Arts Humanities and Social Sciences,6
6,James Crossmon,2.09,Natalie Figueroa,6,Broadcast Journalism and Documentary,11,Lawrence and Kristina Dodge College of Film and Media Arts,4
7,Clifton White,2.94,Dina Bartoloni Mai,3,Art History,26,Wilkinson College of Arts Humanities and Social Sciences,6
8,Karen Hickmon,2.16,Dina Bartoloni Mai,3,Economics,3,The George L. Argyros School of Business and Economics,1
9,Cedric Mory,2.76,Crystal De La Riva,5,Music,43,College of Performing Arts,8
10,Bobbie Nichols,3.66,James Mateik,8,Animation and Visual Studios,10,Lawrence and Kristina Dodge College of Film and Media Arts,4
11,Mabel Day,3.91,Joe Barrett,2,Music,43,College of Performing Arts,8
12,Vernita Tucker,2.9,Nicole Nungaray,9,Dance Performance,42,College of Performing Arts,8
13,Jeffrey Cane,2.1,Natalie Figueroa,6,Mathematics,23,Schmid College of Science and Technology,5
14,Nathaniel Simon,3.65,Crystal De La Riva,5,Biochemistry and Molecular Biology,17,Schmid College of Science and Technology,5
15,Kimberly Guajardo,3.47,Nicole Nungaray,9,Film Production,13,Lawrence and Kristina Dodge College of Film and Media Arts,4
16,Thomas Fellers,2.1,James Mateik,8,Dance,41,College of Performing Arts,8
17,William Harvilla,3.09,Irene Quinlan,10,Political Science,36,Wilkinson College of Arts Humanities and Social Sciences,6
18,Randall Williams,3.54,James Mateik,8,Creative Producing,12,Lawrence and Kristina Dodge College of Film and Media Arts,4
19,Pearl Irwin,3.95,Nicole Nungaray,9,Television Writing and Production,16,Lawrence and Kristina Dodge College of Film and Media Arts,4
20,Richard Robinson,2.46,Nicole Nungaray,9,Philosophy,35,Wilkinson College of Arts Humanities and Social Sciences,6
21,Bridget Steinberg,2.16,Roberto Coronel,1,Mathematics,23,Schmid College of Science and Technology,5
22,Francis Wilhelm,2.13,Nicole Nungaray,9,Public Relations and Advertising,9,Lawrence and Kristina Dodge College of Film and Media Arts,4
23,Thomas Moe,3.4,Jessica Chavez,4,Theatre,44,College of Performing Arts,8
24,Leslie Cook,2.48,Natalie Figueroa,6,Animation and Visual Studios,10,Lawrence and Kristina Dodge College of Film and Media Arts,4
25,Delores Chalmers,3.19,Joe Barrett,2,Accounting,1,The George L. Argyros School of Business and Economics,1
26,Juanita Smith,3.17,Crystal De La Riva,5,Accounting,1,The George L. Argyros School of Business and Economics,1
27,Thomas Hrabal,2.5,Heather Garcia,7,Art History,26,Wilkinson College of Arts Humanities and Social Sciences,6
28,Edward Block,2.44,Roberto Coronel,1,Environmental Science and Policy,22,Schmid College of Science and Technology,5
29,John Osborne,3.74,Nicole Nungaray,9,Graphic Design,28,Wilkinson College of Arts Humanities and Social Sciences,6
30,John Wipf,3.77,Jessica Chavez,4,Screen Acting,14,Lawrence and Kristina Dodge College of Film and Media Arts,4
31,Nancy Moore,3.39,Jessica Chavez,4,Biological Sciences,18,Schmid College of Science and Technology,5
32,Robert Vaughn,3.28,Natalie Figueroa,6,Sociology,38,Wilkinson College of Arts Humanities and Social Sciences,6
33,Doris Goetz,2.8,Heather Garcia,7,Computer Science,20,Schmid College of Science and Technology,5
34,Richard Hall,2.24,Nicole Nungaray,9,Screenwriting,15,Lawrence and Kristina Dodge College of Film and Media Arts,4
35,John Perez,3.81,James Mateik,8,Data Analytics,21,Schmid College of Science and Technology,5
36,Tracy Bigelow,2.17,Irene Quinlan,10,Philosophy,35,Wilkinson College of Arts Humanities and Social Sciences,6
37,Kory Egan,2.13,Natalie Figueroa,6,Public Relations and Advertising,9,Lawrence and Kristina Dodge College of Film and Media Arts,4
38,Zachary Combs,2.89,Jessica Chavez,4,Biochemistry and Molecular Biology,17,Schmid College of Science and Technology,5
39,Mitchell Bachrach,2.37,Heather Garcia,7,Chemistry,19,Schmid College of Science and Technology,5
40,Helen Tatum,3.08,Nicole Nungaray,9,Biological Sciences,18,Schmid College of Science and Technology,5
41,Christopher Green,3.5,James Mateik,8,Screen Acting,14,Lawrence and Kristina Dodge College of Film and Media Arts,4
42,Grace Wipf,2.88,Joe Barrett,2,Strategic and Corporate Communication,40,School of Communication,7
43,Helen Frawley,2.61,Crystal De La Riva,5,Economics,3,The George L. Argyros School of Business and Economics,1
44,James Raymond,2.29,Nicole Nungaray,9,Religious Studies,37,Wilkinson College of Arts Humanities and Social Sciences,6
45,Richard Comer,3.06,Joe Barrett,2,Creative Writing,30,Wilkinson College of Arts Humanities and Social Sciences,6
46,Linda Meeks,2.06,Nicole Nungaray,9,Computer Science,20,Schmid College of Science and Technology,5
47,Tyler Fox,3.25,Dina Bartoloni Mai,3,Public Relations and Advertising,9,Lawrence and Kristina Dodge College of Film and Media Arts,4
48,Frank Pelletier,3.21,Dina Bartoloni Mai,3,Peace Studies,34,Wilkinson College of Arts Humanities and Social Sciences,6
49,Alethia Warrick,3.42,Heather Garcia,7,Pharmacy,46,School of Pharmacy,9
50,Carol Pereida,2.49,Roberto Coronel,1,Television Writing and Production,16,Lawrence and Kristina Dodge College of Film and Media Arts,4
51,Katherine Deans,3.67,Heather Garcia,7,Dance,41,College of Performing Arts,8
52,Merle Williams,2.31,Roberto Coronel,1,Philosophy,35,Wilkinson College of Arts Humanities and Social Sciences,6
53,Jessie Ortez,3.39,Nicole Nungaray,9,Economics,3,The George L. Argyros School of Business and Economics,1
54,Raymond Johnson,3.38,Jessica Chavez,4,Software Engineering,25,Schmid College of Science and Technology,5
55,David Reid,2.73,James Mateik,8,Health Sciences,6,Crean College of Health and Behavioral Sciences,3
56,Jeremy Ditullio,2.43,Joe Barrett,2,Creative Writing,30,Wilkinson College of Arts Humanities and Social Sciences,6
57,Brian Brandon,3.46,Dina Bartoloni Mai,3,Public Relations and Advertising,9,Lawrence and Kristina Dodge College of Film and Media Arts,4
58,Daniel Schock,2.72,Heather Garcia,7,Peace Studies,34,Wilkinson College of Arts Humanities and Social Sciences,6
59,Rose Glass,3.56,Crystal De La Riva,5,Spanish,33,Wilkinson College of Arts Humanities and Social Sciences,6
60,Doris Ricciardi,3.43,Jessica Chavez,4,Art,27,Wilkinson College of Arts Humanities and Social Sciences,6
61,Ruby Lafontaine,2.55,Roberto Coronel,1,Art,27,Wilkinson College of Arts Humanities and Social Sciences,6
62,Patsy Robie,2.36,Heather Garcia,7,Screen Acting,14,Lawrence and Kristina Dodge College of Film and Media Arts,4
63,Anthony Smith,3.86,Jessica Chavez,4,Animation and Visual Studios,10,Lawrence and Kristina Dodge College of Film and Media Arts,4
64,Nicole Roberson,3.12,Nicole Nungaray,9,Applied Human Physiology,5,Crean College of Health and Behavioral Sciences,3
65,Janet Lambe,2.46,Irene Quinlan,10,Theatre Performance,45,College of Performing Arts,8
66,Kenneth Mckenize,2.35,Heather Garcia,7,Creative Producing,12,Lawrence and Kristina Dodge College of Film and Media Arts,4
67,Rose Wyckoff,3.82,Crystal De La Riva,5,Creative Producing,12,Lawrence and Kristina Dodge College of Film and Media Arts,4
68,Faye Jackson,2.69,Dina Bartoloni Mai,3,Film Production,13,Lawrence and Kristina Dodge College of Film and Media Arts,4
69,Marilyn Phillips,3.97,Natalie Figueroa,6,Film Production,13,Lawrence and Kristina Dodge College of Film and Media Arts,4
70,Kevin Cress,2.33,Jessica Chavez,4,Sociology,38,Wilkinson College of Arts Humanities and Social Sciences,6
71,Dolly Goldbach,2.06,Crystal De La Riva,5,Applied Human Physiology,5,Crean College of Health and Behavioral Sciences,3
72,Frank Alteri,3.59,Roberto Coronel,1,Data Analytics,21,Schmid College of Science and Technology,5
73,Michael Bishop,3.71,Joe Barrett,2,Chemistry,19,Schmid College of Science and Technology,5
74,Barbara Ladner,2.71,Natalie Figueroa,6,Peace Studies,34,Wilkinson College of Arts Humanities and Social Sciences,6
75,Willie Borda,3.53,Roberto Coronel,1,Dance Performance,42,College of Performing Arts,8
76,Joseph Carlson,3.07,Roberto Coronel,1,Software Engineering,25,Schmid College of Science and Technology,5
77,Pedro Broussard,2.4,Nicole Nungaray,9,Environmental Science and Policy,22,Schmid College of Science and Technology,5
78,Gail Satterlee,3.94,Heather Garcia,7,Environmental Science and Policy,22,Schmid College of Science and Technology,5
79,Leroy Spade,3.55,Nicole Nungaray,9,Broadcast Journalism and Documentary,11,Lawrence and Kristina Dodge College of Film and Media Arts,4
80,David Aiello,2.56,James Mateik,8,Pharmacy,46,School of Pharmacy,9
81,Zackary Evans,2.09,Joe Barrett,2,Music,43,College of Performing Arts,8
82,Barbara Miller,3.39,Dina Bartoloni Mai,3,Computer Science,20,Schmid College of Science and Technology,5
83,Bradley Johnson,2.9,Joe Barrett,2,Public Relations and Advertising,9,Lawrence and Kristina Dodge College of Film and Media Arts,4
84,Earl Herman,3.88,James Mateik,8,Applied Human Physiology,5,Crean College of Health and Behavioral Sciences,3
85,Ethan Whitaker,2.35,Joe Barrett,2,Philosophy,35,Wilkinson College of Arts Humanities and Social Sciences,6
86,Jaime House,3.25,Crystal De La Riva,5,Accounting,1,The George L. Argyros School of Business and Economics,1
87,Robert Murphy,2.94,Natalie Figueroa,6,Art,27,Wilkinson College of Arts Humanities and Social Sciences,6
88,Corey Fortney,3.66,Roberto Coronel,1,Broadcast Journalism and Documentary,11,Lawrence and Kristina Dodge College of Film and Media Arts,4
89,Mary Skar,2.01,Roberto Coronel,1,Television Writing and Production,16,Lawrence and Kristina Dodge College of Film and Media Arts,4
90,Robert Foster,3.26,Dina Bartoloni Mai,3,Theatre Performance,45,College of Performing Arts,8
91,Joann Embree,3.94,Irene Quinlan,10,Applied Human Physiology,5,Crean College of Health and Behavioral Sciences,3
92,Stephanie Hodgson,2.64,Joe Barrett,2,Physics,24,Schmid College of Science and Technology,5
93,Jennifer Stclair,2.98,Jessica Chavez,4,Business Administration,2,The George L. Argyros School of Business and Economics,1
94,Sherman Simmons,3.19,James Mateik,8,Strategic and Corporate Communication,40,School of Communication,7
95,Elvira Reading,2.35,James Mateik,8,Political Science,36,Wilkinson College of Arts Humanities and Social Sciences,6
96,Jean Cornelius,3.34,Natalie Figueroa,6,Mathematics,23,Schmid College of Science and Technology,5
97,Donna Weymouth,3.99,Dina Bartoloni Mai,3,Film Studies,8,Lawrence and Kristina Dodge College of Film and Media Arts,4
98,Gloria Wang,2.22,Dina Bartoloni Mai,3,Creative Writing,30,Wilkinson College of Arts Humanities and Social Sciences,6
99,Albert Simmons,3.86,Irene Quinlan,10,Economics,3,The George L. Argyros School of Business and Economics,1
100,Mark Johnson,3.06,Nicole Nungaray,9,Creative Producing,12,Lawrence and Kristina Dodge College of Film and Media Arts,4
101,Frances Sunday,3.06,Jessica Chavez,4,Communication Studies,39,School of Communication,7
102,Ashley Betterton,3.04,Nicole Nungaray,9,Television Writing and Production,16,Lawrence and Kristina Dodge College of Film and Media Arts,4
103,Gene Berglund,2.15,Crystal De La Riva,5,Graphic Design,28,Wilkinson College of Arts Humanities and Social Sciences,6
104,Sandra Miller,3.38,Dina Bartoloni Mai,3,Computer Science,20,Schmid College of Science and Technology,5
105,Helen Swartz,3.96,Nicole Nungaray,9,Creative Writing,30,Wilkinson College of Arts Humanities and Social Sciences,6
106,Bernice Weigle,3.9,Crystal De La Riva,5,Philosophy,35,Wilkinson College of Arts Humanities and Social Sciences,6
107,Regina Cain,3.3,Crystal De La Riva,5,Graphic Design,28,Wilkinson College of Arts Humanities and Social Sciences,6
108,Michelle Arreola,2.59,Roberto Coronel,1,Computer Science,20,Schmid College of Science and Technology,5
109,Jonathan Ives,3.28,Natalie Figueroa,6,Dance,41,College of Performing Arts,8
110,William Smelcer,3.85,Joe Barrett,2,Communication Studies,39,School of Communication,7
111,Martha Cody,2.66,Irene Quinlan,10,Film Studies,8,Lawrence and Kristina Dodge College of Film and Media Arts,4
112,Johanna Shields,2.74,Jessica Chavez,4,Creative Producing,12,Lawrence and Kristina Dodge College of Film and Media Arts,4
113,Guadalupe Turner,3.74,Dina Bartoloni Mai,3,Data Analytics,21,Schmid College of Science and Technology,5
114,Nicholas Kinsler,3.21,Jessica Chavez,4,Art,27,Wilkinson College of Arts Humanities and Social Sciences,6
115,Judy Percell,3.36,Heather Garcia,7,Economics,3,The George L. Argyros School of Business and Economics,1
116,Justin Gutkowski,3.64,Jessica Chavez,4,Physics,24,Schmid College of Science and Technology,5
117,Jill Mejia,2.08,James Mateik,8,Economics,3,The George L. Argyros School of Business and Economics,1
118,Harold Washington,3.55,Dina Bartoloni Mai,3,Broadcast Journalism and Documentary,11,Lawrence and Kristina Dodge College of Film and Media Arts,4
119,Alexander Crowder,3.84,Dina Bartoloni Mai,3,Sociology,38,Wilkinson College of Arts Humanities and Social Sciences,6
120,Theresa Palmer,3.96,Roberto Coronel,1,Integrated Educational Studies,4,Donna Ford Attallah College of Educational Studies,2
121,Clinton Kimball,2.46,James Mateik,8,Peace Studies,34,Wilkinson College of Arts Humanities and Social Sciences,6
122,Roxanne Church,3.92,Nicole Nungaray,9,Dance Performance,42,College of Performing Arts,8
123,Jennifer Kravitz,2.07,Nicole Nungaray,9,Environmental Science and Policy,22,Schmid College of Science and Technology,5
124,Edward Snapp,3.88,Dina Bartoloni Mai,3,Pharmacy,46,School of Pharmacy,9
125,Aaron Hammer,2.59,Roberto Coronel,1,Graphic Design,28,Wilkinson College of Arts Humanities and Social Sciences,6
126,Elizabeth Mcraney,3.36,Roberto Coronel,1,History,31,Wilkinson College of Arts Humanities and Social Sciences,6
127,Dana Chandler,3.3,Heather Garcia,7,Health Sciences,6,Crean College of Health and Behavioral Sciences,3
128,Corine Ives,2.69,Irene Quinlan,10,Data Analytics,21,Schmid College of Science and Technology,5
129,John Marquez,3.37,James Mateik,8,Integrated Educational Studies,4,Donna Ford Attallah College of Educational Studies,2
130,Jonathan Jerkins,2.67,Natalie Figueroa,6,Psychology,7,Crean College of Health and Behavioral Sciences,3
131,Nora Bernhart,2.45,Joe Barrett,2,Integrated Educational Studies,4,Donna Ford Attallah College of Educational Studies,2
132,Carol Stults,4.0,Nicole Nungaray,9,Art,27,Wilkinson College of Arts Humanities and Social Sciences,6
133,Michael Weatherford,3.84,Roberto Coronel,1,Creative Writing,30,Wilkinson College of Arts Humanities and Social Sciences,6
134,Shannon Laclair,3.23,Roberto Coronel,1,Biological Sciences,18,Schmid College of Science and Technology,5
135,Luis Lindsey,3.74,James Mateik,8,Computer Science,20,Schmid College of Science and Technology,5
136,Edward Hicks,3.54,Natalie Figueroa,6,Political Science,36,Wilkinson College of Arts Humanities and Social Sciences,6
137,Jeffrey Owens,3.84,Jessica Chavez,4,Art,27,Wilkinson College of Arts Humanities and Social Sciences,6
138,Nicholas Parent,2.58,Jessica Chavez,4,Pharmacy,46,School of Pharmacy,9
139,Mary Volz,3.51,Dina Bartoloni Mai,3,Theatre,44,College of Performing Arts,8
140,Marylin Slaughter,3.73,Crystal De La Riva,5,Applied Human Physiology,5,Crean College of Health and Behavioral Sciences,3
141,Harriet Masella,3.53,James Mateik,8,Economics,3,The George L. Argyros School of Business and Economics,1
142,Sharon Lukasiewicz,2.55,Natalie Figueroa,6,Spanish,33,Wilkinson College of Arts Humanities and Social Sciences,6
143,Cynthia Brewer,3.55,Dina Bartoloni Mai,3,English,29,Wilkinson College of Arts Humanities and Social Sciences,6
144,Harriet Goodfellow,3.2,Dina Bartoloni Mai,3,Computer Science,20,Schmid College of Science and Technology,5
145,Robert Cruz,3.93,Irene Quinlan,10,Animation and Visual Studios,10,Lawrence and Kristina Dodge College of Film and Media Arts,4
146,Vera Loker,3.75,Roberto Coronel,1,Animation and Visual Studios,10,Lawrence and Kristina Dodge College of Film and Media Arts,4
147,Jesus Aguilar,3.24,Nicole Nungaray,9,Integrated Educational Studies,4,Donna Ford Attallah College of Educational Studies,2
148,Frances Welsh,3.91,Nicole Nungaray,9,Pharmacy,46,School of Pharmacy,9
149,Vera Britt,2.24,Roberto Coronel,1,Software Engineering,25,Schmid College of Science and Technology,5
150,Ruth Newton,2.31,Heather Garcia,7,Computer Science,20,Schmid College of Science and Technology,5
151,Michael Guttirez,3.81,Nicole Nungaray,9,Mathematics,23,Schmid College of Science and Technology,5
152,Donald Nieto,2.05,Joe Barrett,2,Economics,3,The George L. Argyros School of Business and Economics,1
153,Muriel Davis,3.65,Irene Quinlan,10,Music,43,College of Performing Arts,8
154,Mark Francis,3.14,Nicole Nungaray,9,English,29,Wilkinson College of Arts Humanities and Social Sciences,6
155,Dorothy Maltie,2.39,James Mateik,8,Spanish,33,Wilkinson College of Arts Humanities and Social Sciences,6
156,Darlene Dumont,2.72,James Mateik,8,Biochemistry and Molecular Biology,17,Schmid College of Science and Technology,5
157,Curtis Lamb,2.01,Jessica Chavez,4,Pharmacy,46,School of Pharmacy,9
158,Iva Morrison,2.28,Heather Garcia,7,Strategic and Corporate Communication,40,School of Communication,7
159,Arthur Henry,2.7,Crystal De La Riva,5,Art,27,Wilkinson College of Arts Humanities and Social Sciences,6
160,Dino Tremblay,2.41,James Mateik,8,Political Science,36,Wilkinson College of Arts Humanities and Social Sciences,6
161,Elsie Wright,3.0,Joe Barrett,2,Communication Studies,39,School of Communication,7
162,Myrtle Price,3.28,Irene Quinlan,10,Religious Studies,37,Wilkinson College of Arts Humanities and Social Sciences,6
163,Larue Mckinney,3.58,Dina Bartoloni Mai,3,Biochemistry and Molecular Biology,17,Schmid College of Science and Technology,5
164,Angie Braxton,2.52,Natalie Figueroa,6,Art,27,Wilkinson College of Arts Humanities and Social Sciences,6
165,Elaine Martin,2.39,Natalie Figueroa,6,Philosophy,35,Wilkinson College of Arts Humanities and Social Sciences,6
166,Guy Gayhart,3.27,Jessica Chavez,4,Dance Performance,42,College of Performing Arts,8
167,Lorraine Falcon,2.76,Joe Barrett,2,Strategic and Corporate Communication,40,School of Communication,7
168,Laura Ross,2.33,Heather Garcia,7,Political Science,36,Wilkinson College of Arts Humanities and Social Sciences,6
169,Aura Byrne,3.96,Dina Bartoloni Mai,3,Film Studies,8,Lawrence and Kristina Dodge College of Film and Media Arts,4
170,Felipe Galyean,2.7,Heather Garcia,7,Philosophy,35,Wilkinson College of Arts Humanities and Social Sciences,6
171,Bertha Mcknight,3.73,Heather Garcia,7,Public Relations and Advertising,9,Lawrence and Kristina Dodge College of Film and Media Arts,4
172,Abigail Lee,2.09,Dina Bartoloni Mai,3,Chemistry,19,Schmid College of Science and Technology,5
173,Ramiro Gardner,2.79,James Mateik,8,Pharmacy,46,School of Pharmacy,9
174,John Mcclane,2.06,Joe Barrett,2,Graphic Design,28,Wilkinson College of Arts Humanities and Social Sciences,6
175,Polly Acheson,3.43,Irene Quinlan,10,Television Writing and Production,16,Lawrence and Kristina Dodge College of Film and Media Arts,4
176,Herma Crisp,2.16,Joe Barrett,2,Political Science,36,Wilkinson College of Arts Humanities and Social Sciences,6
177,Dolores Mosley,3.77,James Mateik,8,Business Administration,2,The George L. Argyros School of Business and Economics,1
178,John Manns,2.73,Jessica Chavez,4,Public Relations and Advertising,9,Lawrence and Kristina Dodge College of Film and Media Arts,4
179,Kellie Champ,3.37,Dina Bartoloni Mai,3,Film Studies,8,Lawrence and Kristina Dodge College of Film and Media Arts,4
180,Dennis Straka,3.6,Nicole Nungaray,9,Software Engineering,25,Schmid College of Science and Technology,5
181,Donna Klein,2.66,Joe Barrett,2,Peace Studies,34,Wilkinson College of Arts Humanities and Social Sciences,6
182,Margarita Thorpe,3.65,Natalie Figueroa,6,Art History,26,Wilkinson College of Arts Humanities and Social Sciences,6
183,Sue Stribling,2.36,Jessica Chavez,4,Business Administration,2,The George L. Argyros School of Business and Economics,1
184,Peter Lazzari,2.9,Irene Quinlan,10,Data Analytics,21,Schmid College of Science and Technology,5
185,Elsie Hill,3.21,Heather Garcia,7,Philosophy,35,Wilkinson College of Arts Humanities and Social Sciences,6
186,Jerome Mellon,3.61,Natalie Figueroa,6,Biological Sciences,18,Schmid College of Science and Technology,5
187,Kevin Pinilla,3.89,Irene Quinlan,10,Software Engineering,25,Schmid College of Science and Technology,5
188,Eva Mudd,2.77,Irene Quinlan,10,Strategic and Corporate Communication,40,School of Communication,7
189,Dorothy Samuels,2.32,Irene Quinlan,10,Applied Human Physiology,5,Crean College of Health and Behavioral Sciences,3
190,Jennifer Compton,2.78,Nicole Nungaray,9,Creative Producing,12,Lawrence and Kristina Dodge College of Film and Media Arts,4
191,Michael Orozco,2.26,Roberto Coronel,1,Graphic Design,28,Wilkinson College of Arts Humanities and Social Sciences,6
192,Marcy Lamb,3.21,Jessica Chavez,4,Philosophy,35,Wilkinson College of Arts Humanities and Social Sciences,6
193,Dorothy Gleen,3.25,Natalie Figueroa,6,Screenwriting,15,Lawrence and Kristina Dodge College of Film and Media Arts,4
194,Thomas Treadway,2.57,Heather Garcia,7,Business Administration,2,The George L. Argyros School of Business and Economics,1
195,Jeffrey Beverly,3.07,James Mateik,8,Screen Acting,14,Lawrence and Kristina Dodge College of Film and Media Arts,4
196,Stanley Wooten,2.31,Crystal De La Riva,5,French,32,Wilkinson College of Arts Humanities and Social Sciences,6
197,Edith Barnard,2.02,James Mateik,8,Dance Performance,42,College of Performing Arts,8
198,Rodney Fitzgerald,3.19,Joe Barrett,2,Sociology,38,Wilkinson College of Arts Humanities and Social Sciences,6
199,Reuben Casper,3.9,Nicole Nungaray,9,Graphic Design,28,Wilkinson College of Arts Humanities and Social Sciences,6
200,David Dawkins,3.54,Joe Barrett,2,Art,27,Wilkinson College of Arts Humanities and Social Sciences,6
201,Walter Rivers,2.9,Roberto Coronel,1,Dance Performance,42,College of Performing Arts,8
202,Lawrence Loepp,3.59,Crystal De La Riva,5,Applied Human Physiology,5,Crean College of Health and Behavioral Sciences,3
203,Janice Miller,2.38,Nicole Nungaray,9,Spanish,33,Wilkinson College of Arts Humanities and Social Sciences,6
204,Josephine Kostura,3.7,Joe Barrett,2,Strategic and Corporate Communication,40,School of Communication,7
205,John Moler,3.52,James Mateik,8,Biochemistry and Molecular Biology,17,Schmid College of Science and Technology,5
206,Clarence Casanova,2.35,Jessica Chavez,4,Animation and Visual Studios,10,Lawrence and Kristina Dodge College of Film and Media Arts,4
207,Maxine Blue,2.06,Natalie Figueroa,6,Public Relations and Advertising,9,Lawrence and Kristina Dodge College of Film and Media Arts,4
208,Faye Mather,3.34,Dina Bartoloni Mai,3,Screenwriting,15,Lawrence and Kristina Dodge College of Film and Media Arts,4
209,Terry Stowell,3.53,Joe Barrett,2,Political Science,36,Wilkinson College of Arts Humanities and Social Sciences,6
210,Alice Long,2.69,Nicole Nungaray,9,Environmental Science and Policy,22,Schmid College of Science and Technology,5
211,Craig Winski,2.35,Jessica Chavez,4,Environmental Science and Policy,22,Schmid College of Science and Technology,5
212,Andrew Carlock,3.2,Joe Barrett,2,Dance Performance,42,College of Performing Arts,8
213,Sandra Gassaway,3.64,Dina Bartoloni Mai,3,Film Studies,8,Lawrence and Kristina Dodge College of Film and Media Arts,4
214,Lee Young,3.09,Nicole Nungaray,9,Economics,3,The George L. Argyros School of Business and Economics,1
215,Erika Gurnett,2.72,Roberto Coronel,1,French,32,Wilkinson College of Arts Humanities and Social Sciences,6
216,Gregory Tobias,3.38,Heather Garcia,7,Strategic and Corporate Communication,40,School of Communication,7
217,Homer Martinez,3.65,Roberto Coronel,1,Applied Human Physiology,5,Crean College of Health and Behavioral Sciences,3
218,Steven Dyer,2.87,Heather Garcia,7,Pharmacy,46,School of Pharmacy,9
219,Michael Nelson,4.0,Irene Quinlan,10,Peace Studies,34,Wilkinson College of Arts Humanities and Social Sciences,6
220,Emily Torres,2.8,Jessica Chavez,4,Chemistry,19,Schmid College of Science and Technology,5
221,Jeanne Scholl,2.9,Heather Garcia,7,Graphic Design,28,Wilkinson College of Arts Humanities and Social Sciences,6
222,Brian Roche,3.61,Heather Garcia,7,Animation and Visual Studios,10,Lawrence and Kristina Dodge College of Film and Media Arts,4
223,Aleen Foucault,3.6,Jessica Chavez,4,English,29,Wilkinson College of Arts Humanities and Social Sciences,6
224,Kenneth Nelsen,2.74,Natalie Figueroa,6,Sociology,38,Wilkinson College of Arts Humanities and Social Sciences,6
225,Virgilio Stockton,3.88,James Mateik,8,Mathematics,23,Schmid College of Science and Technology,5
226,Justin Miller,2.69,James Mateik,8,Biochemistry and Molecular Biology,17,Schmid College of Science and Technology,5
227,Richard Sallie,3.48,Jessica Chavez,4,Biological Sciences,18,Schmid College of Science and Technology,5
228,Kimberly Bray,2.37,Joe Barrett,2,Psychology,7,Crean College of Health and Behavioral Sciences,3
229,Betty Galvan,2.85,Joe Barrett,2,Film Production,13,Lawrence and Kristina Dodge College of Film and Media Arts,4
230,Shirley Wright,2.17,Jessica Chavez,4,Dance,41,College of Performing Arts,8
231,Kevin Lue,2.29,Joe Barrett,2,Philosophy,35,Wilkinson College of Arts Humanities and Social Sciences,6
232,Ella Jacobsen,2.16,Jessica Chavez,4,Business Administration,2,The George L. Argyros School of Business and Economics,1
233,Adrian Parizo,3.82,Dina Bartoloni Mai,3,Theatre Performance,45,College of Performing Arts,8
234,Stephanie Yoo,3.68,Natalie Figueroa,6,Theatre,44,College of Performing Arts,8
235,Alvaro Johnson,3.05,Jessica Chavez,4,Creative Producing,12,Lawrence and Kristina Dodge College of Film and Media Arts,4
236,Jeanine Watson,2.71,Joe Barrett,2,Environmental Science and Policy,22,Schmid College of Science and Technology,5
237,Carolyn Boyd,3.8,James Mateik,8,Film Production,13,Lawrence and Kristina Dodge College of Film and Media Arts,4
238,John Patrone,3.65,Crystal De La Riva,5,Mathematics,23,Schmid College of Science and Technology,5
239,Matthew Cooper,2.82,Nicole Nungaray,9,Biological Sciences,18,Schmid College of Science and Technology,5
240,Martin White,2.67,Joe Barrett,2,Animation and Visual Studios,10,Lawrence and Kristina Dodge College of Film and Media Arts,4
241,Mark Holmes,3.4,Heather Garcia,7,History,31,Wilkinson College of Arts Humanities and Social Sciences,6
242,Terrance Duncanson,2.61,Nicole Nungaray,9,Animation and Visual Studios,10,Lawrence and Kristina Dodge College of Film and Media Arts,4
243,Frank Michelson,3.85,Crystal De La Riva,5,Health Sciences,6,Crean College of Health and Behavioral Sciences,3
244,Edward Elson,3.88,Heather Garcia,7,Physics,24,Schmid College of Science and Technology,5
245,Andre Tucker,3.41,Heather Garcia,7,Applied Human Physiology,5,Crean College of Health and Behavioral Sciences,3
246,William Sours,3.12,Irene Quinlan,10,Computer Science,20,Schmid College of Science and Technology,5
247,Orlando Ashton,2.64,Roberto Coronel,1,Physics,24,Schmid College of Science and Technology,5
248,James Lewis,2.41,Crystal De La Riva,5,History,31,Wilkinson College of Arts Humanities and Social Sciences,6
249,Brian Baker,3.61,Joe Barrett,2,Computer Science,20,Schmid College of Science and Technology,5
250,Ella James,3.96,Nicole Nungaray,9,Film Studies,8,Lawrence and Kristina Dodge College of Film and Media Arts,4
251,Richard Baeza,3.59,Jessica Chavez,4,Film Production,13,Lawrence and Kristina Dodge College of Film and Media Arts,4
252,Frederick Krans,3.45,Jessica Chavez,4,Screenwriting,15,Lawrence and Kristina Dodge College of Film and Media Arts,4
253,Dallas Gilliam,3.65,Dina Bartoloni Mai,3,Computer Science,20,Schmid College of Science and Technology,5
254,Billy Lawrence,3.47,James Mateik,8,French,32,Wilkinson College of Arts Humanities and Social Sciences,6
255,Norman Smith,2.96,Joe Barrett,2,Business Administration,2,The George L. Argyros School of Business and Economics,1
256,Angelica Smith,2.44,Dina Bartoloni Mai,3,Physics,24,Schmid College of Science and Technology,5
257,Julie Thompson,2.87,Roberto Coronel,1,Peace Studies,34,Wilkinson College of Arts Humanities and Social Sciences,6
258,Thelma Linkous,2.09,James Mateik,8,Broadcast Journalism and Documentary,11,Lawrence and Kristina Dodge College of Film and Media Arts,4
259,Peter Ross,2.27,Roberto Coronel,1,French,32,Wilkinson College of Arts Humanities and Social Sciences,6
260,Lori Burridge,2.95,James Mateik,8,Business Administration,2,The George L. Argyros School of Business and Economics,1
261,Diane Register,3.02,James Mateik,8,Film Production,13,Lawrence and Kristina Dodge College of Film and Media Arts,4
262,Joseph Basey,3.89,Crystal De La Riva,5,Pharmacy,46,School of Pharmacy,9
263,Pamela Rahman,3.72,Joe Barrett,2,Animation and Visual Studios,10,Lawrence and Kristina Dodge College of Film and Media Arts,4
264,Craig Inciong,3.78,Heather Garcia,7,Peace Studies,34,Wilkinson College of Arts Humanities and Social Sciences,6
265,Megan Hill,3.36,Joe Barrett,2,Creative Producing,12,Lawrence and Kristina Dodge College of Film and Media Arts,4
266,Benjamin Cross,2.53,Natalie Figueroa,6,Biological Sciences,18,Schmid College of Science and Technology,5
267,Carlos Schulz,2.24,James Mateik,8,Sociology,38,Wilkinson College of Arts Humanities and Social Sciences,6
268,Ida Barber,3.57,James Mateik,8,Biological Sciences,18,Schmid College of Science and Technology,5
269,Robert Woolard,3.74,Crystal De La Riva,5,Art,27,Wilkinson College of Arts Humanities and Social Sciences,6
270,Sheena Daniels,2.45,Natalie Figueroa,6,Pharmacy,46,School of Pharmacy,9
271,Elnora Shepherd,2.3,Irene Quinlan,10,Biological Sciences,18,Schmid College of Science and Technology,5
272,Mary Sahe,2.99,Irene Quinlan,10,Spanish,33,Wilkinson College of Arts Humanities and Social Sciences,6
273,Jeffery Nickerson,2.53,Crystal De La Riva,5,English,29,Wilkinson College of Arts Humanities and Social Sciences,6
274,Robert Chiodo,3.37,Roberto Coronel,1,Theatre,44,College of Performing Arts,8
275,Matt Zamora,3.43,Roberto Coronel,1,Broadcast Journalism and Documentary,11,Lawrence and Kristina Dodge College of Film and Media Arts,4
276,Neil Rodriquez,2.74,Nicole Nungaray,9,Art History,26,Wilkinson College of Arts Humanities and Social Sciences,6
277,Christi Westra,3.61,Jessica Chavez,4,Chemistry,19,Schmid College of Science and Technology,5
278,Rona Martin,3.73,Jessica Chavez,4,Software Engineering,25,Schmid College of Science and Technology,5
279,Lillian Hartley,2.96,Joe Barrett,2,History,31,Wilkinson College of Arts Humanities and Social Sciences,6
280,Joanne Donohoe,2.96,Natalie Figueroa,6,Integrated Educational Studies,4,Donna Ford Attallah College of Educational Studies,2
281,Scott Merkel,3.12,Natalie Figueroa,6,Mathematics,23,Schmid College of Science and Technology,5
282,Miguel Bryant,2.95,Joe Barrett,2,Accounting,1,The George L. Argyros School of Business and Economics,1
283,Cedric Salazar,2.62,Nicole Nungaray,9,Broadcast Journalism and Documentary,11,Lawrence and Kristina Dodge College of Film and Media Arts,4
284,Hayden Jacobs,3.79,Crystal De La Riva,5,Biochemistry and Molecular Biology,17,Schmid College of Science and Technology,5
285,John Bennett,2.95,Dina Bartoloni Mai,3,Psychology,7,Crean College of Health and Behavioral Sciences,3
286,Richard Callahan,2.36,Jessica Chavez,4,Biological Sciences,18,Schmid College of Science and Technology,5
287,James Morgan,3.35,Crystal De La Riva,5,Animation and Visual Studios,10,Lawrence and Kristina Dodge College of Film and Media Arts,4
288,George Levandowski,3.56,Roberto Coronel,1,Economics,3,The George L. Argyros School of Business and Economics,1
289,Joshua Reed,2.43,Nicole Nungaray,9,Art History,26,Wilkinson College of Arts Humanities and Social Sciences,6
290,Herman Perez,2.29,Roberto Coronel,1,Integrated Educational Studies,4,Donna Ford Attallah College of Educational Studies,2
291,Anthony Jordan,2.6,Roberto Coronel,1,Biological Sciences,18,Schmid College of Science and Technology,5
292,Hilton Rex,3.03,Crystal De La Riva,5,Data Analytics,21,Schmid College of Science and Technology,5
293,Vernice Gream,2.67,Roberto Coronel,1,Communication Studies,39,School of Communication,7
294,Ann Cimini,2.15,Joe Barrett,2,Psychology,7,Crean College of Health and Behavioral Sciences,3
295,Kenneth Molina,3.29,Nicole Nungaray,9,Art,27,Wilkinson College of Arts Humanities and Social Sciences,6
296,Nicholas Perkins,2.38,Crystal De La Riva,5,Integrated Educational Studies,4,Donna Ford Attallah College of Educational Studies,2
297,Jose Wallace,3.07,Heather Garcia,7,Dance Performance,42,College of Performing Arts,8
298,Mary Wieland,3.18,Roberto Coronel,1,Film Studies,8,Lawrence and Kristina Dodge College of Film and Media Arts,4
299,Peter Pedersen,2.18,Jessica Chavez,4,History,31,Wilkinson College of Arts Humanities and Social Sciences,6
300,Harvey Redmond,2.17,Natalie Figueroa,6,Graphic Design,28,Wilkinson College of Arts Humanities and Social Sciences,6
301,George Barreto,2.75,Nicole Nungaray,9,Theatre Performance,45,College of Performing Arts,8
302,Alex Hensley,2.6,Irene Quinlan,10,Film Production,13,Lawrence and Kristina Dodge College of Film and Media Arts,4
303,Beatrice Batten,2.11,James Mateik,8,Screen Acting,14,Lawrence and Kristina Dodge College of Film and Media Arts,4
304,Alison Eberheart,3.05,Crystal De La Riva,5,Film Studies,8,Lawrence and Kristina Dodge College of Film and Media Arts,4
305,Linda Tomasek,2.67,Nicole Nungaray,9,Broadcast Journalism and Documentary,11,Lawrence and Kristina Dodge College of Film and Media Arts,4
306,Darren Jacob,3.31,Heather Garcia,7,French,32,Wilkinson College of Arts Humanities and Social Sciences,6
307,Thomas Lafontaine,2.45,Crystal De La Riva,5,Computer Science,20,Schmid College of Science and Technology,5
308,James Miller,2.18,Heather Garcia,7,Accounting,1,The George L. Argyros School of Business and Economics,1
309,Chad Dixon,3.19,Joe Barrett,2,Theatre,44,College of Performing Arts,8
310,Claudia Turner,2.51,Roberto Coronel,1,Accounting,1,The George L. Argyros School of Business and Economics,1
311,John Luong,3.23,Joe Barrett,2,Mathematics,23,Schmid College of Science and Technology,5
312,Tyler Fernandez,2.24,Heather Garcia,7,French,32,Wilkinson College of Arts Humanities and Social Sciences,6
313,John Miller,3.48,Irene Quinlan,10,Data Analytics,21,Schmid College of Science and Technology,5
314,Anthony Carroll,2.75,Jessica Chavez,4,Animation and Visual Studios,10,Lawrence and Kristina Dodge College of Film and Media Arts,4
315,Wesley Gravitt,2.58,James Mateik,8,Software Engineering,25,Schmid College of Science and Technology,5
316,Dale Terry,2.0,Irene Quinlan,10,Public Relations and Advertising,9,Lawrence and Kristina Dodge College of Film and Media Arts,4
317,Julia Harris,2.29,Natalie Figueroa,6,Art History,26,Wilkinson College of Arts Humanities and Social Sciences,6
318,Bonita Hanes,2.78,Heather Garcia,7,Computer Science,20,Schmid College of Science and Technology,5
319,Maria Ford,2.58,Natalie Figueroa,6,Dance Performance,42,College of Performing Arts,8
320,Virgil Nelson,2.84,Natalie Figueroa,6,Environmental Science and Policy,22,Schmid College of Science and Technology,5
321,Harlan Ott,3.2,Natalie Figueroa,6,Chemistry,19,Schmid College of Science and Technology,5
322,Andy Hoffman,3.04,Crystal De La Riva,5,Integrated Educational Studies,4,Donna Ford Attallah College of Educational Studies,2
323,Michael Cox,3.04,Nicole Nungaray,9,Mathematics,23,Schmid College of Science and Technology,5
324,Latasha Dennis,2.95,Roberto Coronel,1,Religious Studies,37,Wilkinson College of Arts Humanities and Social Sciences,6
325,James Barber,3.66,Crystal De La Riva,5,Animation and Visual Studios,10,Lawrence and Kristina Dodge College of Film and Media Arts,4
326,Lisa Huddleston,2.31,Irene Quinlan,10,Biological Sciences,18,Schmid College of Science and Technology,5
327,James Peveto,3.33,Irene Quinlan,10,Software Engineering,25,Schmid College of Science and Technology,5
328,Robert Cockrill,3.36,James Mateik,8,Strategic and Corporate Communication,40,School of Communication,7
329,David Compton,2.92,Jessica Chavez,4,Computer Science,20,Schmid College of Science and Technology,5
330,Savannah Mullins,3.19,Heather Garcia,7,Spanish,33,Wilkinson College of Arts Humanities and Social Sciences,6
331,Amber Dearman,3.44,Crystal De La Riva,5,Film Production,13,Lawrence and Kristina Dodge College of Film and Media Arts,4
332,Rebecca Quasdorf,2.86,Joe Barrett,2,Biological Sciences,18,Schmid College of Science and Technology,5
333,Sylvia Garcia,3.72,Jessica Chavez,4,Data Analytics,21,Schmid College of Science and Technology,5
334,Roberta Webster,3.37,Roberto Coronel,1,Environmental Science and Policy,22,Schmid College of Science and Technology,5
335,Dale Purcell,2.47,Joe Barrett,2,Environmental Science and Policy,22,Schmid College of Science and Technology,5
336,Jacqueline Graziani,3.59,Roberto Coronel,1,Integrated Educational Studies,4,Donna Ford Attallah College of Educational Studies,2
337,Kevin Jackson,2.41,Crystal De La Riva,5,Graphic Design,28,Wilkinson College of Arts Humanities and Social Sciences,6
338,Alexis Guyton,3.58,Natalie Figueroa,6,Mathematics,23,Schmid College of Science and Technology,5
339,Armando Rucker,2.17,Roberto Coronel,1,Environmental Science and Policy,22,Schmid College of Science and Technology,5
340,Ruby Painter,3.69,Natalie Figueroa,6,Communication Studies,39,School of Communication,7
341,Antonio Robinson,2.83,Irene Quinlan,10,Creative Producing,12,Lawrence and Kristina Dodge College of Film and Media Arts,4
342,William Soto,2.88,James Mateik,8,Accounting,1,The George L. Argyros School of Business and Economics,1
343,John Sigler,3.77,James Mateik,8,Film Studies,8,Lawrence and Kristina Dodge College of Film and Media Arts,4
344,Danny Baker,3.92,Joe Barrett,2,Dance,41,College of Performing Arts,8
345,Lisa Steiner,3.3,James Mateik,8,Data Analytics,21,Schmid College of Science and Technology,5
346,Debbie Morrow,3.33,James Mateik,8,Peace Studies,34,Wilkinson College of Arts Humanities and Social Sciences,6
347,Herbert Yates,3.95,Crystal De La Riva,5,Biochemistry and Molecular Biology,17,Schmid College of Science and Technology,5
348,Valeri Peterson,2.81,James Mateik,8,Psychology,7,Crean College of Health and Behavioral Sciences,3
349,Charles Falbo,3.8,Crystal De La Riva,5,Environmental Science and Policy,22,Schmid College of Science and Technology,5
350,Dianne Cornett,3.09,Irene Quinlan,10,Biochemistry and Molecular Biology,17,Schmid College of Science and Technology,5
351,Val Burton,2.25,Heather Garcia,7,Public Relations and Advertising,9,Lawrence and Kristina Dodge College of Film and Media Arts,4
352,Robyn Ledford,3.71,Joe Barrett,2,Strategic and Corporate Communication,40,School of Communication,7
353,Alexander Mitchell,3.69,Jessica Chavez,4,Sociology,38,Wilkinson College of Arts Humanities and Social Sciences,6
354,Kathryn Clay,3.68,Jessica Chavez,4,Peace Studies,34,Wilkinson College of Arts Humanities and Social Sciences,6
355,Jeff Simmons,3.05,Joe Barrett,2,Applied Human Physiology,5,Crean College of Health and Behavioral Sciences,3
356,Sam Gessel,3.68,Natalie Figueroa,6,Dance Performance,42,College of Performing Arts,8
357,Robert Rodriguez,3.93,Dina Bartoloni Mai,3,Software Engineering,25,Schmid College of Science and Technology,5
358,Rodrigo Magee,3.5,Crystal De La Riva,5,Broadcast Journalism and Documentary,11,Lawrence and Kristina Dodge College of Film and Media Arts,4
359,Claire Cook,3.72,Irene Quinlan,10,Peace Studies,34,Wilkinson College of Arts Humanities and Social Sciences,6
360,Pedro Diaz,2.49,Joe Barrett,2,Television Writing and Production,16,Lawrence and Kristina Dodge College of Film and Media Arts,4
361,Matthew Proctor,3.68,Heather Garcia,7,Screenwriting,15,Lawrence and Kristina Dodge College of Film and Media Arts,4
362,Charlotte Swanson,2.04,Irene Quinlan,10,History,31,Wilkinson College of Arts Humanities and Social Sciences,6
363,Dane Chavez,3.35,Natalie Figueroa,6,French,32,Wilkinson College of Arts Humanities and Social Sciences,6
364,Lillian Felter,2.21,Natalie Figueroa,6,Mathematics,23,Schmid College of Science and Technology,5
365,Dee Kirn,3.95,Irene Quinlan,10,Creative Writing,30,Wilkinson College of Arts Humanities and Social Sciences,6
366,Alicia Brown,3.12,Irene Quinlan,10,English,29,Wilkinson College of Arts Humanities and Social Sciences,6
367,June Mcintyre,3.22,Natalie Figueroa,6,Mathematics,23,Schmid College of Science and Technology,5
368,Martha Lafollette,2.66,Jessica Chavez,4,History,31,Wilkinson College of Arts Humanities and Social Sciences,6
369,Brian Ahrens,2.79,Irene Quinlan,10,Business Administration,2,The George L. Argyros School of Business and Economics,1
370,James Nash,2.32,Joe Barrett,2,Art,27,Wilkinson College of Arts Humanities and Social Sciences,6
371,Beverly Miller,2.91,Heather Garcia,7,Creative Writing,30,Wilkinson College of Arts Humanities and Social Sciences,6
372,Billy Brooker,2.66,Natalie Figueroa,6,Peace Studies,34,Wilkinson College of Arts Humanities and Social Sciences,6
373,David Beem,2.37,Joe Barrett,2,Software Engineering,25,Schmid College of Science and Technology,5
374,Carol Moran,3.35,Heather Garcia,7,Chemistry,19,Schmid College of Science and Technology,5
375,Lizzie Musick,2.31,Heather Garcia,7,Economics,3,The George L. Argyros School of Business and Economics,1
376,Jamal Burgess,2.33,Nicole Nungaray,9,Art History,26,Wilkinson College of Arts Humanities and Social Sciences,6
377,Christopher Ramos,2.33,Heather Garcia,7,Television Writing and Production,16,Lawrence and Kristina Dodge College of Film and Media Arts,4
378,Birdie Andrade,3.65,Nicole Nungaray,9,Health Sciences,6,Crean College of Health and Behavioral Sciences,3
379,Theresa Munroe,2.79,Nicole Nungaray,9,Dance,41,College of Performing Arts,8
380,Ethel Johnson,3.66,Natalie Figueroa,6,Sociology,38,Wilkinson College of Arts Humanities and Social Sciences,6
381,Sadie Eason,2.48,Nicole Nungaray,9,Creative Producing,12,Lawrence and Kristina Dodge College of Film and Media Arts,4
382,Arthur Berrios,3.46,Natalie Figueroa,6,Applied Human Physiology,5,Crean College of Health and Behavioral Sciences,3
383,Elizabeth Raines,3.37,Irene Quinlan,10,Physics,24,Schmid College of Science and Technology,5
384,Robert Hawkins,3.67,Irene Quinlan,10,Television Writing and Production,16,Lawrence and Kristina Dodge College of Film and Media Arts,4
385,Ann Matthai,2.77,Dina Bartoloni Mai,3,Biochemistry and Molecular Biology,17,Schmid College of Science and Technology,5
386,Norma Fern,3.28,Crystal De La Riva,5,Film Studies,8,Lawrence and Kristina Dodge College of Film and Media Arts,4
387,Robert Vital,2.29,Natalie Figueroa,6,Mathematics,23,Schmid College of Science and Technology,5
388,Emma Justice,3.99,Jessica Chavez,4,Music,43,College of Performing Arts,8
389,Teresa Popham,2.62,Nicole Nungaray,9,Creative Producing,12,Lawrence and Kristina Dodge College of Film and Media Arts,4
390,Brenda Trajillo,2.41,Dina Bartoloni Mai,3,Political Science,36,Wilkinson College of Arts Humanities and Social Sciences,6
391,Bruce Scheer,3.74,Crystal De La Riva,5,Dance,41,College of Performing Arts,8
392,Patricia Hill,3.72,Natalie Figueroa,6,Screen Acting,14,Lawrence and Kristina Dodge College of Film and Media Arts,4
393,Nancy Miles,2.31,Roberto Coronel,1,Peace Studies,34,Wilkinson College of Arts Humanities and Social Sciences,6
394,Rosario Ries,2.18,Jessica Chavez,4,Computer Science,20,Schmid College of Science and Technology,5
395,Raymond Beltran,3.07,Crystal De La Riva,5,Pharmacy,46,School of Pharmacy,9
396,Matt Picard,2.9,Dina Bartoloni Mai,3,Physics,24,Schmid College of Science and Technology,5
397,Justin Mccauley,3.24,Roberto Coronel,1,Chemistry,19,Schmid College of Science and Technology,5
398,Juan Lillian,2.61,Irene Quinlan,10,Communication Studies,39,School of Communication,7
399,John Holland,3.77,Crystal De La Riva,5,History,31,Wilkinson College of Arts Humanities and Social Sciences,6
400,Isiah Teasley,2.31,Crystal De La Riva,5,Physics,24,Schmid College of Science and Technology,5
401,Junior Pruiett,2.44,Crystal De La Riva,5,Music,43,College of Performing Arts,8
402,Troy Rush,3.28,James Mateik,8,Chemistry,19,Schmid College of Science and Technology,5
403,Patsy Yao,2.59,Joe Barrett,2,Integrated Educational Studies,4,Donna Ford Attallah College of Educational Studies,2
404,Carrie Gang,3.26,Nicole Nungaray,9,Music,43,College of Performing Arts,8
405,Robert Blubaugh,3.39,James Mateik,8,Accounting,1,The George L. Argyros School of Business and Economics,1
406,Henry Meyers,2.11,Dina Bartoloni Mai,3,Psychology,7,Crean College of Health and Behavioral Sciences,3
407,Andy Todd,2.74,Roberto Coronel,1,Integrated Educational Studies,4,Donna Ford Attallah College of Educational Studies,2
408,Christopher Tuley,2.11,Irene Quinlan,10,Applied Human Physiology,5,Crean College of Health and Behavioral Sciences,3
409,Ola Dixon,2.06,Heather Garcia,7,Political Science,36,Wilkinson College of Arts Humanities and Social Sciences,6
410,Matthew Siefke,3.51,Roberto Coronel,1,Dance Performance,42,College of Performing Arts,8
411,Troy Long,2.98,Nicole Nungaray,9,Film Studies,8,Lawrence and Kristina Dodge College of Film and Media Arts,4
412,Candace Mccoy,3.34,Natalie Figueroa,6,English,29,Wilkinson College of Arts Humanities and Social Sciences,6
413,Peter Rhodes,3.37,Jessica Chavez,4,English,29,Wilkinson College of Arts Humanities and Social Sciences,6
414,Rachel Hernandez,2.14,Dina Bartoloni Mai,3,Psychology,7,Crean College of Health and Behavioral Sciences,3
415,Javier Kremer,2.45,James Mateik,8,Psychology,7,Crean College of Health and Behavioral Sciences,3
416,Mary Rodwell,3.05,James Mateik,8,Animation and Visual Studios,10,Lawrence and Kristina Dodge College of Film and Media Arts,4
417,Teresa Clausen,2.4,Nicole Nungaray,9,Mathematics,23,Schmid College of Science and Technology,5
418,Irving Bryant,2.73,James Mateik,8,Strategic and Corporate Communication,40,School of Communication,7
419,Otis Finn,3.74,Crystal De La Riva,5,Psychology,7,Crean College of Health and Behavioral Sciences,3
420,Dennis Tranter,2.84,Jessica Chavez,4,Applied Human Physiology,5,Crean College of Health and Behavioral Sciences,3
421,Jose Thrasher,2.26,Jessica Chavez,4,Public Relations and Advertising,9,Lawrence and Kristina Dodge College of Film and Media Arts,4
422,George Soria,3.29,Nicole Nungaray,9,Screen Acting,14,Lawrence and Kristina Dodge College of Film and Media Arts,4
423,Ronald Henry,2.85,Nicole Nungaray,9,Integrated Educational Studies,4,Donna Ford Attallah College of Educational Studies,2
424,Daisy Kenny,3.22,Crystal De La Riva,5,Biological Sciences,18,Schmid College of Science and Technology,5
425,Billy Kirkley,2.65,Irene Quinlan,10,Philosophy,35,Wilkinson College of Arts Humanities and Social Sciences,6
426,James Perez,2.5,Dina Bartoloni Mai,3,Applied Human Physiology,5,Crean College of Health and Behavioral Sciences,3
427,Alexandra Oglesby,3.17,Dina Bartoloni Mai,3,Screenwriting,15,Lawrence and Kristina Dodge College of Film and Media Arts,4
428,Brian Andrews,2.91,Joe Barrett,2,Accounting,1,The George L. Argyros School of Business and Economics,1
429,Mary Gunderson,2.02,Nicole Nungaray,9,Integrated Educational Studies,4,Donna Ford Attallah College of Educational Studies,2
430,Joseph Lejeune,2.08,Dina Bartoloni Mai,3,Environmental Science and Policy,22,Schmid College of Science and Technology,5
431,Kathryn Fulton,3.5,Nicole Nungaray,9,Pharmacy,46,School of Pharmacy,9
432,Jerry Terrance,2.89,Joe Barrett,2,French,32,Wilkinson College of Arts Humanities and Social Sciences,6
433,Gale Weber,2.35,Jessica Chavez,4,Film Production,13,Lawrence and Kristina Dodge College of Film and Media Arts,4
434,Heriberto Gallusser,2.66,Natalie Figueroa,6,Screenwriting,15,Lawrence and Kristina Dodge College of Film and Media Arts,4
435,Mathew Funston,2.88,Joe Barrett,2,Spanish,33,Wilkinson College of Arts Humanities and Social Sciences,6
436,Rebecca Nielsen,2.04,Roberto Coronel,1,Film Studies,8,Lawrence and Kristina Dodge College of Film and Media Arts,4
437,Sandra Collelo,2.41,Jessica Chavez,4,Computer Science,20,Schmid College of Science and Technology,5
438,Amy Eaton,2.21,Crystal De La Riva,5,Philosophy,35,Wilkinson College of Arts Humanities and Social Sciences,6
439,Richard Dennis,3.44,Nicole Nungaray,9,Economics,3,The George L. Argyros School of Business and Economics,1
440,Robert Raven,2.71,Nicole Nungaray,9,Theatre,44,College of Performing Arts,8
441,Rickey Varney,2.67,Irene Quinlan,10,Screen Acting,14,Lawrence and Kristina Dodge College of Film and Media Arts,4
442,Lisa Ogden,2.07,Nicole Nungaray,9,Spanish,33,Wilkinson College of Arts Humanities and Social Sciences,6
443,Joshua Brown,3.94,James Mateik,8,Television Writing and Production,16,Lawrence and Kristina Dodge College of Film and Media Arts,4
444,Melissa Mansfield,3.47,Joe Barrett,2,Accounting,1,The George L. Argyros School of Business and Economics,1
445,Kathy Kinnison,3.06,Heather Garcia,7,History,31,Wilkinson College of Arts Humanities and Social Sciences,6
446,Yvonne Pike,3.69,Natalie Figueroa,6,Graphic Design,28,Wilkinson College of Arts Humanities and Social Sciences,6
447,Juan Woolford,3.16,Irene Quinlan,10,Creative Writing,30,Wilkinson College of Arts Humanities and Social Sciences,6
448,Lorrie Evans,3.97,Dina Bartoloni Mai,3,Graphic Design,28,Wilkinson College of Arts Humanities and Social Sciences,6
449,Brent Mertens,2.47,Joe Barrett,2,History,31,Wilkinson College of Arts Humanities and Social Sciences,6
450,Lauren Veitch,3.23,Nicole Nungaray,9,Dance,41,College of Performing Arts,8
451,Stephanie Munn,3.54,Heather Garcia,7,Environmental Science and Policy,22,Schmid College of Science and Technology,5
452,Gary Streeter,3.69,Joe Barrett,2,English,29,Wilkinson College of Arts Humanities and Social Sciences,6
453,Connie Clevenger,3.06,Irene Quinlan,10,Data Analytics,21,Schmid College of Science and Technology,5
454,Henry Roberts,2.61,Roberto Coronel,1,Animation and Visual Studios,10,Lawrence and Kristina Dodge College of Film and Media Arts,4
455,Mary Torres,2.81,Crystal De La Riva,5,Integrated Educational Studies,4,Donna Ford Attallah College of Educational Studies,2
456,Lydia Krumholz,3.76,Roberto Coronel,1,Public Relations and Advertising,9,Lawrence and Kristina Dodge College of Film and Media Arts,4
457,Angelica Vaughn,2.78,Jessica Chavez,4,Biochemistry and Molecular Biology,17,Schmid College of Science and Technology,5
458,Darren Appleby,2.95,Irene Quinlan,10,Music,43,College of Performing Arts,8
459,Wilma Mansi,3.49,Crystal De La Riva,5,Business Administration,2,The George L. Argyros School of Business and Economics,1
460,Lynda Sims,3.61,Jessica Chavez,4,Dance,41,College of Performing Arts,8
461,Lera Smith,3.51,Natalie Figueroa,6,Environmental Science and Policy,22,Schmid College of Science and Technology,5
462,Mary Whitmore,3.9,James Mateik,8,Art,27,Wilkinson College of Arts Humanities and Social Sciences,6
463,Sarah Allen,2.04,Jessica Chavez,4,Psychology,7,Crean College of Health and Behavioral Sciences,3
464,Patrick Kelley,2.7,James Mateik,8,Theatre Performance,45,College of Performing Arts,8
465,Rebecca Loudermilk,3.07,Joe Barrett,2,Creative Producing,12,Lawrence and Kristina Dodge College of Film and Media Arts,4
466,Adrian Thompson,3.76,Nicole Nungaray,9,Graphic Design,28,Wilkinson College of Arts Humanities and Social Sciences,6
467,Barbara Staplins,3.6,Heather Garcia,7,French,32,Wilkinson College of Arts Humanities and Social Sciences,6
468,Jennifer Lambertson,2.51,Heather Garcia,7,Peace Studies,34,Wilkinson College of Arts Humanities and Social Sciences,6
469,Philip Shannon,2.53,James Mateik,8,Data Analytics,21,Schmid College of Science and Technology,5
470,Kevin Tucker,3.43,Irene Quinlan,10,Art,27,Wilkinson College of Arts Humanities and Social Sciences,6
471,Mary Corbett,2.16,Roberto Coronel,1,Applied Human Physiology,5,Crean College of Health and Behavioral Sciences,3
472,John Wichmann,2.03,Joe Barrett,2,Television Writing and Production,16,Lawrence and Kristina Dodge College of Film and Media Arts,4
473,Vera Smith,3.56,Heather Garcia,7,Applied Human Physiology,5,Crean College of Health and Behavioral Sciences,3
474,Anthony Mcfarland,2.64,Nicole Nungaray,9,Peace Studies,34,Wilkinson College of Arts Humanities and Social Sciences,6
475,Joanne Lott,2.29,Roberto Coronel,1,Accounting,1,The George L. Argyros School of Business and Economics,1
476,Philip Gore,2.88,Joe Barrett,2,Religious Studies,37,Wilkinson College of Arts Humanities and Social Sciences,6
477,Wayne Puentes,2.34,James Mateik,8,Pharmacy,46,School of Pharmacy,9
478,Audrey Smith,2.5,Crystal De La Riva,5,Environmental Science and Policy,22,Schmid College of Science and Technology,5
479,Claire Langley,2.37,Jessica Chavez,4,Art History,26,Wilkinson College of Arts Humanities and Social Sciences,6
480,Cornelius Douglas,3.53,Joe Barrett,2,Software Engineering,25,Schmid College of Science and Technology,5
481,Judith Mitchell,2.43,Roberto Coronel,1,Screen Acting,14,Lawrence and Kristina Dodge College of Film and Media Arts,4
482,Stephen Bates,3.19,Natalie Figueroa,6,Broadcast Journalism and Documentary,11,Lawrence and Kristina Dodge College of Film and Media Arts,4
483,John Ahrens,3.22,James Mateik,8,Pharmacy,46,School of Pharmacy,9
484,Gloria Medina,3.1,Jessica Chavez,4,Broadcast Journalism and Documentary,11,Lawrence and Kristina Dodge College of Film and Media Arts,4
485,Danielle Luescher,2.41,Irene Quinlan,10,Public Relations and Advertising,9,Lawrence and Kristina Dodge College of Film and Media Arts,4
486,Dianna Franklin,3.82,Crystal De La Riva,5,Public Relations and Advertising,9,Lawrence and Kristina Dodge College of Film and Media Arts,4
487,Carole Smith,2.04,Heather Garcia,7,Religious Studies,37,Wilkinson College of Arts Humanities and Social Sciences,6
488,Beverly Hack,2.85,Natalie Figueroa,6,Screenwriting,15,Lawrence and Kristina Dodge College of Film and Media Arts,4
489,David Brown,3.77,Heather Garcia,7,Pharmacy,46,School of Pharmacy,9
490,John Keshishian,3.38,Dina Bartoloni Mai,3,Art,27,Wilkinson College of Arts Humanities and Social Sciences,6
491,Rex Rudman,2.25,James Mateik,8,Theatre Performance,45,College of Performing Arts,8
492,Margaret Villa,3.06,Dina Bartoloni Mai,3,Political Science,36,Wilkinson College of Arts Humanities and Social Sciences,6
493,Pamala Pierce,3.27,Joe Barrett,2,Philosophy,35,Wilkinson College of Arts Humanities and Social Sciences,6
494,Martha Mcgee,3.14,Roberto Coronel,1,Strategic and Corporate Communication,40,School of Communication,7
495,Luis Mosher,3.96,Jessica Chavez,4,Spanish,33,Wilkinson College of Arts Humanities and Social Sciences,6
496,Rachelle Bernstein,3.59,Roberto Coronel,1,Political Science,36,Wilkinson College of Arts Humanities and Social Sciences,6
497,Leah Ackerson,3.72,Nicole Nungaray,9,French,32,Wilkinson College of Arts Humanities and Social Sciences,6
498,John Radford,2.94,Dina Bartoloni Mai,3,French,32,Wilkinson College of Arts Humanities and Social Sciences,6
499,Robbie Carroll,2.7,Irene Quinlan,10,Art History,26,Wilkinson College of Arts Humanities and Social Sciences,6
500,Bennie Everett,2.29,Nicole Nungaray,9,Communication Studies,39,School of Communication,7
